City_ID,City,Country,Lat,Lng,Max Temp,Humidity,Cloudiness,Wind Speed,Current Description
0,Flinders,AU,-34.5833,150.8552,68.25,94,100,5.99,moderate rain
1,Carnarvon,AU,-24.8667,113.6333,73.47,94,53,10.36,broken clouds
2,Vaini,TO,-21.2,-175.2,82.56,83,75,13.8,broken clouds
3,Busselton,AU,-33.65,115.3333,63.61,80,99,16.13,overcast clouds
4,Baculin,PH,7.4525,126.5842,79.0,86,41,3.85,scattered clouds
5,Bara,NG,10.3744,10.7288,75.43,12,3,9.4,clear sky
6,Mandalgovi,MN,45.7625,106.2708,22.59,75,95,8.43,overcast clouds
7,Punta Arenas,CL,-53.15,-70.9167,48.11,75,20,11.5,few clouds
8,Mataura,NZ,-46.1927,168.8643,62.46,69,100,0.98,overcast clouds
9,Qingdao,CN,36.0986,120.3719,44.67,75,4,11.32,clear sky
10,Bluff,NZ,-46.6,168.3333,61.09,78,92,6.58,overcast clouds
11,Longyearbyen,SJ,78.2186,15.6401,6.64,78,20,9.22,few clouds
12,Clyde River,CA,70.4692,-68.5914,1.63,78,0,17.27,haze
13,Jamestown,US,42.097,-79.2353,20.79,63,100,16.11,overcast clouds
14,Erenhot,CN,43.6475,111.9767,32.45,64,99,19.53,overcast clouds
15,Cobija,BO,-11.0267,-68.7692,77.13,86,80,2.75,broken clouds
16,Lagoa,PT,39.05,-27.9833,59.34,80,42,6.67,scattered clouds
17,Chokurdakh,RU,70.6333,147.9167,-6.02,97,68,4.68,broken clouds
18,Pizarro,CO,4.9533,-77.366,78.87,85,100,3.42,overcast clouds
19,Tezu,IN,27.9167,96.1667,70.2,53,75,3.33,broken clouds
20,Ushuaia,AR,-54.8,-68.3,44.26,65,75,16.11,broken clouds
21,Rocha,UY,-34.4833,-54.3333,61.21,79,1,8.1,clear sky
22,Methven,NZ,-43.6333,171.65,55.9,72,77,5.3,broken clouds
23,Rikitea,PF,-23.1203,-134.9692,78.46,69,78,3.83,broken clouds
24,Wloclawek,PL,52.6482,19.0678,41.52,86,6,8.61,clear sky
25,Port Alfred,ZA,-33.5906,26.891,70.18,77,86,1.01,overcast clouds
26,Hobart,AU,-42.8794,147.3294,65.26,73,75,10.36,broken clouds
27,Kushiro,JP,42.975,144.3747,37.67,68,3,10.16,clear sky
28,Tungor,RU,53.3808,142.9564,20.93,82,16,5.99,few clouds
29,Hilo,US,19.7297,-155.09,82.13,65,100,13.8,overcast clouds
30,Provideniya,RU,64.3833,-173.3,14.36,67,0,7.0,clear sky
31,Saskylakh,RU,71.9167,114.0833,0.14,94,100,10.94,overcast clouds
32,Barrow,US,71.2906,-156.7887,1.42,71,0,26.46,clear sky
33,Mount Isa,AU,-20.7333,139.5,80.37,26,3,11.5,clear sky
34,Coihaique,CL,-45.5752,-72.0662,39.81,87,100,12.66,overcast clouds
35,Aklavik,CA,68.2191,-135.0107,1.81,86,97,4.68,overcast clouds
36,West Bay,KY,19.3667,-81.4167,80.67,64,20,16.11,few clouds
37,Olga,RU,43.7444,135.2892,39.45,53,45,9.28,scattered clouds
38,Lebu,CL,-37.6167,-73.65,58.26,83,37,6.85,scattered clouds
39,Nikolskoye,RU,59.7035,30.7861,24.71,93,90,8.1,light snow
40,Pisco,PE,-13.7,-76.2167,69.85,73,0,21.85,clear sky
41,Souillac,MU,-20.5167,57.5167,71.98,94,20,5.75,few clouds
42,Douglas,US,41.3,-96.167,54.59,30,0,17.27,clear sky
43,Shimoda,JP,34.6667,138.95,52.16,83,100,12.95,overcast clouds
44,Thompson,CA,55.7435,-97.8558,21.36,42,100,4.61,overcast clouds
45,Hermanus,ZA,-34.4187,19.2345,64.53,70,99,8.95,overcast clouds
46,Mahebourg,MU,-20.4081,57.7,74.25,94,20,5.75,few clouds
47,Upernavik,GL,72.7868,-56.1549,23.41,67,100,6.02,overcast clouds
48,Mar Del Plata,AR,-38.0023,-57.5575,71.87,75,20,21.99,few clouds
49,Luganville,VU,-15.5333,167.1667,85.51,68,90,0.65,overcast clouds
50,Nyurba,RU,63.2842,118.3319,6.04,95,100,5.08,overcast clouds
51,Umm Lajj,SA,25.0213,37.2685,76.15,43,61,5.68,broken clouds
52,Albany,US,42.6001,-73.9662,20.57,52,100,1.01,overcast clouds
53,Kapaa,US,22.0752,-159.319,80.19,74,40,5.01,scattered clouds
54,Carmelo,UY,-33.9892,-58.2856,68.27,69,20,8.03,few clouds
55,Aswan,EG,24.0934,32.907,65.62,20,0,9.75,clear sky
56,Lavrentiya,RU,65.5833,-171.0,7.38,81,17,5.12,few clouds
57,Naze,JP,28.3667,129.4833,61.72,85,100,15.08,light rain
58,Mizdah,LY,31.4451,12.9801,61.16,53,42,4.29,scattered clouds
59,Khatanga,RU,71.9667,102.5,-3.05,98,100,11.41,light snow
60,Puerto Ayora,EC,-0.7393,-90.3518,80.42,79,94,10.38,overcast clouds
61,Georgetown,MY,5.4112,100.3354,80.53,89,20,2.3,few clouds
62,Bredasdorp,ZA,-34.5322,20.0403,64.0,72,100,1.79,overcast clouds
63,Forio,IT,40.7342,13.8646,56.93,82,11,3.0,few clouds
64,Saldanha,ZA,-33.0117,17.9442,61.36,92,100,13.18,overcast clouds
65,East London,ZA,-33.0153,27.9116,80.02,45,84,8.03,broken clouds
66,Kampong Cham,KH,11.9934,105.4635,77.45,82,92,2.3,overcast clouds
67,Ribeira Grande,PT,38.5167,-28.7,60.51,79,39,5.19,scattered clouds
68,Vila Do Maio,CV,15.1333,-23.2167,70.59,75,69,16.06,broken clouds
69,Pevek,RU,69.7008,170.3133,-11.96,88,22,0.63,few clouds
70,Ketchikan,US,55.3422,-131.6461,48.67,49,100,8.05,overcast clouds
71,Pen,IN,18.75,73.0833,82.44,68,7,3.87,clear sky
72,Zhangye,CN,38.9342,100.4517,39.78,42,94,3.2,overcast clouds
73,Mbandaka,CD,0.0487,18.2603,74.88,85,92,3.89,overcast clouds
74,Tasiilaq,GL,65.6145,-37.6368,26.76,88,100,8.3,overcast clouds
75,Tazovskiy,RU,67.4667,78.7,15.84,94,100,12.97,overcast clouds
76,Talnakh,RU,69.4865,88.3972,9.21,94,98,9.84,overcast clouds
77,Tamale,GH,9.4008,-0.8393,90.68,11,16,5.32,few clouds
78,Arraial Do Cabo,BR,-22.9661,-42.0278,76.15,87,100,3.38,moderate rain
79,Tirano,IT,46.2154,10.1679,52.18,56,15,3.36,few clouds
80,Hasaki,JP,35.7333,140.8333,50.4,59,100,11.1,overcast clouds
81,Keti Bandar,PK,24.1447,67.4497,78.62,77,33,12.8,scattered clouds
82,Hambantota,LK,6.1241,81.1185,77.83,86,18,4.36,few clouds
83,Namatanai,PG,-3.6667,152.4333,83.97,70,79,3.6,broken clouds
84,Torbay,CA,47.6666,-52.7314,39.97,86,100,4.61,overcast clouds
85,Pangai,TO,-19.8,-174.35,82.51,78,75,4.61,broken clouds
86,Hamilton,US,39.1834,-84.5333,41.99,42,0,10.36,clear sky
87,West Wendover,US,40.7391,-114.0733,67.03,15,99,27.25,overcast clouds
88,Fairbanks,US,64.8378,-147.7164,42.76,39,20,8.05,few clouds
89,Nanortalik,GL,60.1432,-45.2371,31.32,80,48,3.38,scattered clouds
90,Lake City,US,30.1897,-82.6393,77.81,53,0,11.5,clear sky
91,Geraldton,AU,-28.7667,114.6,73.81,78,75,16.11,broken clouds
92,Port Elizabeth,ZA,-33.918,25.5701,70.32,86,0,8.05,clear sky
93,Mount Gambier,AU,-37.8333,140.7667,60.31,68,84,5.06,broken clouds
94,Byron Bay,AU,-28.65,153.6167,70.72,91,100,18.05,overcast clouds
95,Mwense,ZM,-10.3845,28.698,65.84,97,100,3.33,moderate rain
96,Pakenham,AU,-38.0667,145.4833,66.15,82,62,1.99,broken clouds
97,Leshukonskoye,RU,64.8989,45.7622,8.13,99,82,2.8,broken clouds
98,Daru,PG,-9.0763,143.2092,76.82,91,99,13.24,overcast clouds
99,Lorengau,PG,-2.0226,147.2712,80.78,82,100,7.96,moderate rain
100,Jalpan,MX,21.2333,-99.4833,89.17,22,7,6.22,clear sky
101,Bandarbeyla,SO,9.4942,50.8122,77.43,80,5,10.18,light rain
102,Cootamundra,AU,-34.65,148.0333,75.94,55,100,8.32,overcast clouds
103,Abha,SA,18.2164,42.5053,53.85,28,0,4.61,clear sky
104,Carlisle,US,40.2015,-77.1889,28.51,35,100,5.99,overcast clouds
105,Wad Madani,SD,14.4012,33.5199,80.15,18,3,11.88,clear sky
106,Husavik,IS,66.0449,-17.3389,25.52,75,77,7.05,broken clouds
107,Ancud,CL,-41.8697,-73.8203,48.22,75,65,16.87,light rain
108,Vytegra,RU,61.0064,36.4481,19.13,89,100,9.15,overcast clouds
109,Icod De Los Vinos,ES,28.3724,-16.7119,66.47,94,45,9.8,scattered clouds
110,Fare,PF,-16.7,-151.0167,82.36,73,26,15.17,scattered clouds
111,Dikson,RU,73.5069,80.5464,-10.95,100,92,6.46,overcast clouds
112,Zhigansk,RU,66.7697,123.3711,-3.98,98,96,7.11,overcast clouds
113,Obihiro,JP,42.9172,143.2044,42.21,62,2,7.2,clear sky
114,Algiers,DZ,36.7525,3.042,58.82,88,75,9.22,broken clouds
115,Pauini,BR,-7.7136,-66.9764,75.24,96,73,1.32,light rain
116,Ballina,AU,-28.8667,153.5667,70.79,99,100,20.09,overcast clouds
117,Rio Grande,BR,-32.035,-52.0986,69.94,71,1,11.68,light rain
118,Avarua,CK,-21.2078,-159.775,84.25,74,20,9.22,few clouds
119,San Patricio,US,28.017,-97.5169,82.49,53,2,20.47,clear sky
120,Mayo,US,38.8876,-76.5119,34.03,35,40,24.16,scattered clouds
121,Yashan,CN,22.1975,109.9419,65.89,88,100,2.37,overcast clouds
122,Butaritari,KI,3.0707,172.7902,80.55,74,58,11.3,broken clouds
123,Alice Springs,AU,-23.7,133.8833,71.15,28,0,0.0,clear sky
124,Buraydah,SA,26.326,43.975,59.45,22,47,10.49,scattered clouds
125,Strangnas,SE,59.3774,17.0312,35.08,81,82,5.84,broken clouds
126,Saint-Philippe,RE,-21.3585,55.7679,76.59,82,40,4.59,scattered clouds
127,Itaituba,BR,-4.2761,-55.9836,74.16,99,100,2.42,heavy intensity rain
128,Sinop,TR,41.7711,34.8709,39.43,84,1,10.0,clear sky
129,Ilulissat,GL,69.2167,-51.1,35.62,48,13,13.8,few clouds
130,Sao Felix Do Xingu,BR,-6.6447,-51.995,73.51,98,100,1.07,overcast clouds
131,Springfield,US,37.2153,-93.2982,62.65,34,0,17.27,clear sky
132,Pishva,IR,35.308,51.7267,50.31,42,0,13.4,clear sky
133,Gilgit,PK,35.9221,74.3087,55.42,60,0,1.7,clear sky
134,Norman Wells,CA,65.282,-126.8329,10.44,56,75,2.3,broken clouds
135,Kaeo,NZ,-35.1,173.7833,76.32,66,6,3.58,clear sky
136,Richards Bay,ZA,-28.783,32.0377,73.08,78,7,14.74,clear sky
137,Salalah,OM,17.0151,54.0924,87.89,14,0,6.91,clear sky
138,Pangnirtung,CA,66.1451,-65.7125,10.02,87,8,4.88,clear sky
139,Tiksi,RU,71.6872,128.8694,-12.75,98,78,5.01,broken clouds
140,Falam,MM,22.9167,93.6833,53.67,73,25,2.66,scattered clouds
141,Broken Hill,AU,-31.95,141.4333,69.98,44,0,11.95,clear sky
142,Limbang,MY,4.75,115.0,77.11,96,100,2.33,overcast clouds
143,Portland,US,45.5234,-122.6762,63.01,80,75,11.5,broken clouds
144,Cape Town,ZA,-33.9258,18.4232,64.81,73,75,9.22,broken clouds
145,Viedma,AR,-40.8135,-62.9967,74.43,16,2,17.16,clear sky
146,Mahanoro,MG,-19.9,48.8,72.91,97,100,13.44,very heavy rain
147,Kimbe,PG,-5.5502,150.1429,78.28,89,100,2.53,moderate rain
148,Port Augusta,AU,-32.5,137.7667,72.34,58,0,9.98,clear sky
149,Buchanan,LR,5.8808,-10.0467,80.24,86,100,4.23,overcast clouds
150,Bengkulu,ID,-3.8004,102.2655,74.1,79,34,6.67,scattered clouds
151,Alofi,NU,-19.0595,-169.9187,75.09,100,100,8.05,light rain
152,Cidreira,BR,-30.1811,-50.2056,70.05,80,0,9.42,clear sky
153,Navrongo,GH,10.8956,-1.0921,88.72,11,16,8.55,few clouds
154,Yellowknife,CA,62.456,-114.3525,23.41,67,40,5.99,scattered clouds
155,Cayenne,GF,4.9333,-52.3333,81.09,1,100,9.22,overcast clouds
156,Palmeira Das Missoes,BR,-27.8994,-53.3136,64.6,72,2,6.46,clear sky
157,Puerto Baquerizo Moreno,EC,-0.9,-89.6,79.7,80,99,11.45,overcast clouds
158,Dong Hoi,VN,17.4833,106.6,68.54,85,95,5.32,overcast clouds
159,Kapuskasing,CA,49.4169,-82.4331,19.49,38,0,13.8,clear sky
160,Anadyr,RU,64.75,177.4833,-7.1,77,0,6.71,clear sky
161,Bridlington,GB,54.0831,-0.1919,45.28,96,95,4.0,overcast clouds
162,Eureka,US,40.8021,-124.1637,64.74,80,88,5.99,overcast clouds
163,Sola,VU,-13.8833,167.55,82.33,76,100,9.19,overcast clouds
164,Vysokogornyy,RU,50.1167,139.15,27.77,85,61,3.65,broken clouds
165,Ugoofaaru,MV,5.6667,73.0,82.15,72,0,3.33,clear sky
166,Mingguang,CN,32.7802,117.9638,47.21,86,0,11.5,clear sky
167,Udachnyy,RU,66.4167,112.4,2.44,84,99,13.33,overcast clouds
168,Falun,SE,60.6036,15.626,32.95,61,61,10.85,broken clouds
169,Severo-Kurilsk,RU,50.6789,156.125,28.18,83,100,40.62,light snow
170,Kaitangata,NZ,-46.2817,169.8464,61.61,78,98,3.4,overcast clouds
171,Noumea,NC,-22.2763,166.4572,85.98,99,69,6.08,broken clouds
172,Te Anau,NZ,-45.4167,167.7167,61.9,67,90,0.54,overcast clouds
173,Malakal,SS,9.5334,31.6605,82.94,14,60,5.06,broken clouds
174,Bambanglipuro,ID,-7.95,110.2833,76.64,86,100,3.38,overcast clouds
175,Atuona,PF,-9.8,-139.0333,79.66,76,98,15.41,overcast clouds
176,Talaya,RU,61.3833,152.75,6.82,85,100,9.42,overcast clouds
177,Santa Cruz,BO,-17.8,-63.1667,82.45,69,20,6.91,few clouds
178,Havoysund,NO,70.9963,24.6622,30.43,66,100,27.0,light snow
179,Bondoukou,CI,8.0333,-2.8,83.46,36,50,2.24,scattered clouds
180,Varhaug,NO,58.6147,5.6457,38.75,69,100,19.22,overcast clouds
181,Harper,LR,4.375,-7.7169,80.19,88,78,5.93,broken clouds
182,Caravelas,BR,-17.7125,-39.2481,78.64,82,59,6.71,broken clouds
183,Tegucigalpa,HN,14.0818,-87.2068,81.36,44,20,10.36,few clouds
184,Visavadar,IN,21.3833,70.6833,78.82,44,1,5.48,clear sky
185,Port Blair,IN,11.6667,92.75,77.04,100,20,2.3,mist
186,Touros,BR,-5.1989,-35.4608,80.65,78,100,11.16,overcast clouds
187,College,US,64.8569,-147.8028,42.75,39,75,8.05,broken clouds
188,Isangel,VU,-19.55,169.2667,83.88,72,72,9.69,broken clouds
189,Helong,CN,42.5397,128.9972,38.39,60,100,6.04,overcast clouds
190,Qarqin,AF,37.4185,66.0436,58.37,36,0,17.07,clear sky
191,Okha,RU,53.5739,142.9478,18.39,85,37,6.51,scattered clouds
192,Carbonear,CA,47.7332,-53.2148,41.14,94,82,5.37,broken clouds
193,Katangli,RU,51.7102,143.2326,25.25,86,8,12.82,clear sky
194,De-Kastri,RU,51.4667,140.7833,31.03,70,11,4.05,few clouds
195,Maniitsoq,GL,65.4167,-52.9,23.14,78,3,3.87,clear sky
196,Svetlyy,RU,54.675,20.1347,42.85,87,46,17.98,scattered clouds
197,Polyarnyy,RU,69.1989,33.4478,23.52,74,100,11.36,light snow
198,Zabol,AF,32.25,67.25,54.82,23,0,7.87,clear sky
199,Cherskiy,RU,68.75,161.3,-0.56,87,37,4.34,scattered clouds
200,Mnogovershinnyy,RU,53.9353,139.9242,22.32,74,18,5.1,few clouds
201,Shubarkuduk,KZ,49.1447,56.4872,21.33,94,76,13.67,broken clouds
202,Qaanaaq,GL,77.484,-69.3632,7.99,94,100,0.98,overcast clouds
203,Ornskoldsvik,SE,63.2909,18.7153,20.35,79,100,5.75,overcast clouds
204,Dunmore East,IE,52.1514,-6.9861,49.68,75,13,7.31,few clouds
205,Bismarck,US,46.8083,-100.7837,54.46,31,0,23.02,clear sky
206,Klaksvik,FO,62.2266,-6.589,34.72,76,100,16.53,overcast clouds
207,Chifeng,CN,42.2683,118.9636,44.37,64,99,12.12,overcast clouds
208,Ostrovnoy,RU,68.0531,39.5131,21.7,87,100,18.12,light snow
209,Douentza,ML,14.9951,-2.9517,83.61,8,17,5.08,few clouds
210,Kayerkan,RU,69.3497,87.7602,8.53,78,99,9.46,overcast clouds
211,Chengdu,CN,30.6667,104.0667,58.89,82,94,2.24,mist
212,Bulungu,CD,-4.55,18.6,70.38,98,73,4.38,moderate rain
213,Thinadhoo,MV,0.5333,72.9333,81.12,64,3,4.36,clear sky
214,Sungaipenuh,ID,-2.0833,101.3833,62.78,87,38,2.75,scattered clouds
215,Faanui,PF,-16.4833,-151.75,82.62,73,40,14.05,scattered clouds
216,Bethel,US,41.3712,-73.414,26.02,44,100,11.01,overcast clouds
217,Buala,SB,-8.145,159.5921,83.73,77,100,5.19,light rain
218,Columbus,US,39.9612,-82.9988,34.32,40,40,12.66,scattered clouds
219,Port Hardy,CA,50.6996,-127.4199,50.18,81,20,5.75,few clouds
220,Nizhniy Tsasuchey,RU,50.5167,115.1333,15.94,56,0,10.94,clear sky
221,Yumen,CN,40.2833,97.2,36.95,47,78,5.48,broken clouds
222,Esterhazy,CA,50.65,-102.0843,40.05,79,100,14.38,overcast clouds
223,Solhan,TR,38.9634,41.0293,20.57,77,4,4.29,clear sky
224,Mahanje,TZ,-9.9333,35.3333,63.93,98,61,0.89,light rain
225,Daloa,CI,6.8774,-6.4502,76.1,78,100,4.05,overcast clouds
226,Camacha,PT,33.0833,-16.3333,58.42,88,40,6.91,scattered clouds
227,Narsaq,GL,60.9167,-46.05,43.02,77,37,8.01,scattered clouds
228,Soderhamn,SE,61.3037,17.0592,26.96,88,100,5.55,light snow
229,Deputatskiy,RU,69.3,139.9,-8.54,98,67,1.54,broken clouds
230,Sechura,PE,-5.5569,-80.8222,77.79,64,100,16.49,overcast clouds
231,Kavieng,PG,-2.5744,150.7967,81.66,77,98,2.44,moderate rain
232,Vila,PT,42.0304,-8.1588,49.08,75,75,3.22,broken clouds
233,Altagracia De Orituco,VE,9.8601,-66.3814,78.73,67,99,7.7,overcast clouds
234,Baykit,RU,61.67,96.37,-8.28,100,69,1.92,broken clouds
235,Saint-Georges,GD,12.0564,-61.7485,80.28,78,20,11.5,few clouds
236,Beatrice,US,40.2681,-96.747,56.44,33,0,12.66,clear sky
237,Saint George,US,37.1041,-113.5841,73.63,25,81,18.99,broken clouds
238,Batagay-Alyta,RU,67.8006,130.4114,-5.3,82,69,4.03,broken clouds
239,Dunedin,NZ,-45.8742,170.5036,58.69,87,100,2.17,overcast clouds
240,Jaumave,MX,23.4167,-99.3833,83.75,30,28,6.29,scattered clouds
241,Avallon,FR,47.4833,3.9,53.24,58,100,4.23,overcast clouds
242,Ville-Marie,CA,47.3335,-79.433,15.76,84,100,8.84,overcast clouds
243,Ostersund,SE,63.1792,14.6357,21.65,86,75,4.61,broken clouds
244,Komsomolskiy,UZ,40.4272,71.7189,50.72,71,100,2.3,overcast clouds
245,Chunskiy,RU,56.0815,99.6342,10.27,98,100,0.78,overcast clouds
246,Meulaboh,ID,4.1363,96.1285,76.46,87,20,3.27,few clouds
247,Chuy,UY,-33.6971,-53.4616,64.83,76,5,10.09,light rain
248,Murray Bridge,AU,-35.1167,139.2667,65.12,70,0,5.73,clear sky
249,Sheopur,IN,25.6667,76.7,79.03,15,2,1.66,clear sky
250,Teacapan,MX,22.55,-105.75,78.13,42,21,9.26,few clouds
251,Marsh Harbour,BS,26.5412,-77.0636,74.91,59,79,8.55,broken clouds
252,Chengde,CN,40.9725,117.9361,42.12,59,100,1.59,overcast clouds
253,Kinablangan,PH,7.6947,126.5503,78.35,86,27,2.51,scattered clouds
254,Reyes,BO,-14.3167,-67.3833,77.23,84,96,2.42,overcast clouds
255,San Cristobal,VE,7.7669,-72.225,73.58,63,88,2.04,overcast clouds
256,Faya,SA,18.3851,42.4509,54.12,36,1,3.31,clear sky
257,Kangaatsiaq,GL,68.3065,-53.4641,16.75,93,8,5.99,clear sky
258,Bonthe,SL,7.5264,-12.505,76.68,76,62,4.23,broken clouds
259,Tuatapere,NZ,-46.1333,167.6833,64.13,66,97,1.57,overcast clouds
260,Wanning,CN,18.8003,110.3967,73.92,90,94,7.05,overcast clouds
261,Palmer,US,42.1584,-72.3287,24.35,40,75,18.41,broken clouds
262,Paita,PE,-5.0892,-81.1144,73.96,78,100,12.62,overcast clouds
263,New Norfolk,AU,-42.7826,147.0587,63.91,70,60,2.53,broken clouds
264,Gannavaram,IN,16.5333,80.8,76.87,93,12,1.23,few clouds
265,Bathsheba,BB,13.2167,-59.5167,77.61,73,20,14.97,few clouds
266,Villazon,BO,-22.0866,-65.5942,60.96,18,1,9.4,clear sky
267,Hithadhoo,MV,-0.6,73.0833,81.25,65,64,6.49,broken clouds
268,Russkaya Polyana,UA,49.417,31.9201,46.71,47,43,18.52,scattered clouds
269,Saint-Francois,FR,46.4154,3.9054,54.84,45,0,8.05,clear sky
270,Esperance,AU,-33.8667,121.9,63.07,77,99,11.21,overcast clouds
271,High Level,CA,58.5169,-117.136,39.31,48,20,6.91,few clouds
272,Hay River,CA,60.8156,-115.7999,13.98,79,75,8.05,broken clouds
273,Lugo,ES,43.0,-7.5,53.91,93,100,0.54,overcast clouds
274,Boulder,US,40.0833,-105.3505,70.63,13,0,11.5,clear sky
275,Dingle,PH,10.9995,122.6711,79.47,84,100,9.6,overcast clouds
276,Prince Rupert,CA,54.3161,-130.3201,50.09,57,0,5.75,clear sky
277,Conceicao Do Araguaia,BR,-8.2578,-49.2647,75.47,93,86,4.45,moderate rain
278,Gopalur,IN,16.6167,77.8,81.57,51,11,4.0,few clouds
279,George,ZA,-33.963,22.4617,58.55,88,20,5.75,few clouds
280,Manzhouli,CN,49.6,117.4333,16.41,54,0,12.08,clear sky
281,Carutapera,BR,-1.195,-46.02,75.88,95,100,6.64,light rain
282,Ayan,RU,56.45,138.1667,14.18,79,52,2.73,broken clouds
283,Acapulco,MX,16.8634,-99.8901,84.02,65,0,8.05,smoke
284,Merauke,ID,-8.4667,140.3333,76.78,93,100,14.18,heavy intensity rain
285,Prince George,CA,53.9166,-122.753,52.25,28,0,12.66,clear sky
286,Ponta Do Sol,PT,32.6667,-17.1,66.06,78,46,6.29,scattered clouds
287,Porto Uniao,BR,-26.2381,-51.0783,67.39,70,24,2.26,few clouds
288,Yulara,AU,-25.2406,130.9889,73.24,23,17,10.36,few clouds
289,Alcudia,ES,39.8532,3.1214,58.19,85,100,6.78,overcast clouds
290,Belyy Yar,RU,53.6039,91.3903,21.09,77,98,0.0,mist
291,Trincomalee,LK,8.5711,81.2335,79.21,83,4,7.38,clear sky
292,Sao Joao Da Barra,BR,-21.6403,-41.0511,77.31,87,25,7.85,scattered clouds
293,Jieznas,LT,54.6,24.1667,40.59,82,95,15.03,overcast clouds
294,Novaci,RO,45.1833,23.6667,44.69,61,87,4.47,overcast clouds
295,Rovaniemi,FI,66.5,25.7167,13.41,85,0,10.36,clear sky
296,Lucapa,AO,-8.4192,20.7447,67.41,97,91,0.98,moderate rain
297,Krasnovishersk,RU,60.4078,57.082,17.19,94,100,4.54,overcast clouds
298,Sharjah,AE,25.3573,55.4033,67.98,72,0,6.91,clear sky
299,Codrington,AU,-38.2667,141.9667,61.3,65,94,5.21,overcast clouds
300,Mayakonda,IN,14.2833,76.0833,74.62,83,34,6.73,scattered clouds
301,Sibolga,ID,1.7427,98.7792,74.12,74,9,3.18,clear sky
302,Vila Franca Do Campo,PT,37.7167,-25.4333,59.41,86,25,6.73,scattered clouds
303,Cambrils,ES,41.0748,1.0524,55.72,60,0,3.44,clear sky
304,Skjervoy,NO,70.0311,20.9714,26.6,60,100,26.44,light snow
305,Kirakira,SB,-10.4544,161.9205,83.14,81,99,4.07,overcast clouds
306,Ahipara,NZ,-35.1667,173.1667,71.62,62,2,7.23,clear sky
307,Idanre,NG,7.1127,5.1159,76.69,89,16,4.7,few clouds
308,Pemberton,CA,50.3164,-122.8027,58.69,97,96,1.63,overcast clouds
309,Inirida,CO,3.8653,-67.9239,72.64,99,100,2.04,moderate rain
310,Nambucca Heads,AU,-30.65,153.0,70.16,86,100,6.49,light rain
311,Capitao Poco,BR,-1.7464,-47.0594,74.35,96,93,4.29,moderate rain
312,Nortelandia,BR,-14.4547,-56.8028,75.51,90,89,1.48,overcast clouds
313,Turkistan,KZ,43.0,68.0,50.13,66,2,17.6,clear sky
314,Capitan Bado,PY,-23.2667,-55.5333,73.53,80,18,8.28,few clouds
315,Castro,BR,-24.7911,-50.0119,64.67,93,21,7.38,few clouds
316,Hami,CN,42.8,93.45,42.57,36,18,10.96,few clouds
317,Tuktoyaktuk,CA,69.4541,-133.0374,-7.6,71,0,9.22,clear sky
318,Okhotsk,RU,59.3833,143.3,7.32,69,0,15.43,clear sky
319,Grand Gaube,MU,-20.0064,57.6608,74.37,81,16,3.0,few clouds
320,Pacific Grove,US,36.6177,-121.9166,60.75,80,100,5.99,overcast clouds
321,Penzance,GB,50.1186,-5.5371,50.68,87,94,10.2,overcast clouds
322,Victor Harbor,AU,-35.5667,138.6167,64.49,75,2,6.46,clear sky
323,Pleasanton,US,37.6624,-121.8747,62.08,63,100,8.05,overcast clouds
324,Miahuatlan,MX,18.5667,-97.4333,76.35,21,2,9.22,clear sky
325,Kungurtug,RU,50.5994,97.5228,8.96,97,99,1.07,overcast clouds
326,Kahului,US,20.8947,-156.47,82.42,54,40,11.5,scattered clouds
327,Ahuimanu,US,21.4447,-157.8378,82.11,64,40,11.5,scattered clouds
328,Phangnga,TH,8.4509,98.5298,78.84,91,85,3.09,light rain
329,Kodiak,US,57.79,-152.4072,40.51,81,100,9.22,overcast clouds
330,Waipawa,NZ,-41.4122,175.5153,58.82,88,99,3.58,overcast clouds
331,Armidale,AU,-30.5167,151.65,56.68,98,100,8.68,light rain
332,Loreto,MX,22.2667,-101.9667,80.38,12,25,11.05,scattered clouds
333,Marfino,RU,55.7028,37.3822,34.05,80,75,17.9,broken clouds
334,Vila Velha,BR,-20.3297,-40.2925,78.94,88,20,5.99,few clouds
335,Egvekinot,RU,66.3167,-179.1667,2.35,82,21,7.72,few clouds
336,Vagay,RU,57.9375,69.0217,33.73,85,100,10.98,overcast clouds
337,Eyl,SO,7.9803,49.8164,77.5,77,8,11.23,clear sky
338,Fort Nelson,CA,58.8053,-122.7002,44.19,29,20,3.44,few clouds
339,Rawson,AR,-43.3002,-65.1023,68.14,36,20,15.93,few clouds
340,Sonoita,MX,31.85,-112.8333,73.81,19,93,25.79,overcast clouds
341,Wakkanai,JP,45.4094,141.6739,41.41,75,4,24.25,clear sky
342,Bucerias,MX,20.75,-105.3333,76.98,65,0,11.5,clear sky
343,Yerbogachen,RU,61.2767,108.0108,-1.55,100,91,3.85,overcast clouds
344,Adrar,MR,20.5022,-10.0711,83.1,16,100,8.66,overcast clouds
345,Mount Darwin,ZW,-16.7725,31.5838,63.18,95,35,4.61,scattered clouds
346,Pacifica,US,37.6138,-122.4869,62.87,73,40,14.97,scattered clouds
347,Verkhniye Tatyshly,RU,56.2912,55.8575,5.41,99,70,6.91,broken clouds
348,Cabo San Lucas,MX,22.8909,-109.9124,83.5,26,0,14.97,clear sky
349,Lasa,IT,46.6166,10.7002,43.68,73,15,1.83,few clouds
350,Novoagansk,RU,61.9449,76.6625,24.73,92,100,11.63,overcast clouds
351,Tsiroanomandidy,MG,-18.7667,46.0333,67.96,94,100,1.32,overcast clouds
352,Khani,GE,41.9563,42.9566,24.37,87,31,7.56,scattered clouds
353,Vao,NC,-22.6667,167.4833,77.9,70,100,11.9,overcast clouds
354,San Andres,CO,12.5847,-81.7006,84.22,70,40,16.11,scattered clouds
355,Zyukayka,RU,58.2025,54.7003,6.19,98,81,5.28,broken clouds
356,Sitka,US,57.0531,-135.33,46.29,39,100,19.57,light rain
357,Port-Gentil,GA,-0.7193,8.7815,77.7,88,100,18.66,light rain
358,Oktyabrskiy,RU,54.4815,53.471,14.4,93,85,9.01,overcast clouds
359,Tual,ID,-5.6667,132.75,82.18,77,100,12.41,moderate rain
360,Iqaluit,CA,63.7506,-68.5145,13.73,85,40,2.3,scattered clouds
361,Batemans Bay,AU,-35.7167,150.1833,70.11,83,100,5.82,overcast clouds
362,Leningradskiy,RU,69.3833,178.4167,-5.73,93,35,1.74,scattered clouds
363,Mareeba,AU,-17.0,145.4333,81.48,69,100,2.24,overcast clouds
364,Slave Lake,CA,55.2834,-114.769,39.18,65,20,9.22,few clouds
365,Chernyshevskiy,RU,63.0128,112.4714,-11.16,100,98,2.3,overcast clouds
366,Kloulklubed,PW,7.0419,134.2556,79.3,76,40,12.88,scattered clouds
367,Kabare,CD,-2.4683,28.8242,60.58,93,99,1.03,overcast clouds
368,Seoul,KR,37.5683,126.9778,44.17,53,0,1.14,clear sky
369,Nantucket,US,41.2835,-70.0995,30.31,35,75,16.11,broken clouds
370,Wanaka,NZ,-44.7,169.15,64.11,68,83,1.01,broken clouds
371,Cordoba,AR,-31.4135,-64.1811,79.75,66,0,6.91,clear sky
372,Pitsunda,GE,43.1592,40.3378,33.98,57,1,11.3,clear sky
373,Tahe,CN,52.3333,124.7333,19.49,69,11,10.04,few clouds
374,George Town,MY,5.4112,100.3354,80.53,93,20,0.0,few clouds
375,Vestmannaeyjar,IS,63.4427,-20.2734,38.28,77,100,30.36,overcast clouds
376,Ulaangom,MN,49.9811,92.0667,9.18,76,11,4.7,few clouds
377,Naryan-Mar,RU,67.6713,53.087,6.55,97,98,5.88,overcast clouds
378,Sinnar,SD,13.5691,33.5672,81.54,17,2,11.72,clear sky
379,Roebourne,AU,-20.7833,117.1333,80.67,71,78,5.7,broken clouds
380,Eslov,SE,55.8393,13.3039,39.25,89,41,8.25,scattered clouds
381,Phan Thiet,VN,10.9333,108.1,76.39,86,78,5.23,broken clouds
382,Lazaro Cardenas,MX,17.9583,-102.2,82.49,46,14,10.65,few clouds
383,Ust-Kuyga,RU,70.0167,135.6,-5.48,100,100,1.92,overcast clouds
384,Port Lincoln,AU,-34.7333,135.8667,65.62,72,63,5.75,broken clouds
385,Lisala,CD,2.15,21.5167,74.86,58,81,1.92,broken clouds
386,Pilar,BR,-9.5972,-35.9567,76.93,82,63,3.22,broken clouds
387,Nabire,ID,-3.3667,135.4833,77.63,87,100,1.86,overcast clouds
388,Laguna,US,38.421,-121.4238,60.78,87,100,4.61,thunderstorm with light rain
389,Kavaratti,IN,10.5669,72.642,83.55,77,31,12.46,scattered clouds
390,Devonport,AU,-41.1667,146.35,63.09,80,98,5.44,overcast clouds
391,Kautokeino,NO,69.0125,23.0412,7.5,88,83,6.13,broken clouds
392,Glenwood Springs,US,39.5505,-107.3248,68.92,33,75,11.5,broken clouds
393,Tazmalt,DZ,36.3868,4.3989,62.49,52,100,6.6,overcast clouds
394,Port Hawkesbury,CA,45.6169,-61.3485,35.58,99,100,5.75,fog
395,Zemio,CF,5.0314,25.1361,75.88,22,63,1.43,broken clouds
396,Lompoc,US,34.6391,-120.4579,58.69,79,100,10.36,overcast clouds
397,Warri,NG,5.5167,5.75,79.39,85,50,2.59,scattered clouds
398,Lata,PT,40.1629,-8.3327,59.07,67,100,3.36,overcast clouds
399,Sao Filipe,CV,14.8961,-24.4956,71.19,77,58,9.37,broken clouds
400,Agirish,RU,61.9247,63.0231,28.8,99,100,3.22,snow
401,Lubango,AO,-14.9172,13.4925,60.66,65,45,2.33,scattered clouds
402,Shahreza,IR,32.0339,51.8794,45.34,20,0,1.83,clear sky
403,Insar,RU,53.8653,44.3738,33.78,96,100,25.99,light snow
404,Puerto Madryn,AR,-42.7692,-65.0385,71.76,30,43,14.2,scattered clouds
405,Agadez,NE,19.75,10.25,69.08,6,0,0.76,clear sky
406,Evensk,RU,61.95,159.2333,17.58,73,100,21.79,overcast clouds
407,Ginda,IN,30.6945,78.4932,55.81,20,0,7.81,clear sky
408,Miri,MY,4.4148,114.0089,75.34,94,20,0.0,few clouds
409,Requena,ES,39.4883,-1.1004,41.52,92,100,4.52,overcast clouds
410,Bud,US,39.447,-86.1758,42.75,45,97,5.5,overcast clouds
411,Marovoay,MG,-16.1,46.6333,74.64,95,100,5.68,light rain
412,Bulawayo,ZW,-20.15,28.5833,59.18,86,39,8.5,scattered clouds
413,Odda,NO,60.0691,6.5457,40.77,97,88,4.47,overcast clouds
414,Bambous Virieux,MU,-20.3428,57.7575,74.21,94,20,5.75,few clouds
415,Jatai,BR,-17.8814,-51.7144,70.54,86,30,1.39,scattered clouds
416,Bozuyuk,TR,39.9078,30.0367,44.33,56,100,5.77,overcast clouds
417,Marzuq,YE,14.4,46.4667,62.2,29,3,3.74,clear sky
418,Arrecife,ES,28.963,-13.5477,66.18,88,75,14.97,broken clouds
419,Sorland,NO,67.667,12.6934,32.92,45,97,9.15,overcast clouds
420,Gazanjyk,TM,39.2446,55.5154,39.87,48,43,7.76,scattered clouds
421,Xique-Xique,BR,-10.8218,-42.7263,82.17,54,33,11.27,scattered clouds
422,Khandyga,RU,62.6667,135.6,7.36,83,96,2.44,overcast clouds
423,Voh,NC,-20.9667,164.7,82.83,70,100,5.1,overcast clouds
424,Jalu,LY,29.0331,21.5482,64.99,13,19,11.05,few clouds
425,Kodinsk,RU,58.6881,99.1844,-6.95,100,80,0.67,broken clouds
426,Tamiahua,MX,21.2667,-97.45,74.41,70,2,15.77,clear sky
427,Pangody,RU,65.85,74.4859,23.79,94,100,15.93,overcast clouds
428,Lake Charles,US,30.2131,-93.2044,77.22,61,75,16.11,broken clouds
429,El Carrizo,MX,24.0261,-106.8814,81.21,29,6,7.34,clear sky
430,Ongandjera,NA,-17.8833,15.0667,76.21,27,92,1.95,overcast clouds
431,Fortuna,US,40.5982,-124.1573,60.85,81,100,12.66,overcast clouds
432,Burnie,AU,-41.0667,145.9167,61.2,90,93,8.37,overcast clouds
433,Balabac,PH,7.9868,117.0645,78.89,84,99,6.76,heavy intensity rain
434,Olinda,BR,-8.0089,-34.8553,82.13,78,40,8.05,scattered clouds
435,Skibbereen,IE,51.55,-9.2667,45.95,85,9,7.05,clear sky
436,Kovylkino,RU,54.0388,43.9139,34.68,93,100,25.72,light snow
437,Moussoro,TD,13.6408,16.4901,71.83,6,5,14.16,clear sky
438,Kulhudhuffushi,MV,6.6221,73.07,82.02,72,0,2.42,clear sky
439,Amazar,RU,53.858,120.875,10.83,83,70,3.56,broken clouds
440,Sur,OM,22.5667,59.5289,80.17,46,2,2.98,clear sky
441,La Ronge,CA,55.1001,-105.2842,26.85,74,100,8.05,overcast clouds
442,Verkh-Usugli,RU,52.7,115.1667,2.23,82,5,4.05,clear sky
443,Svetlogorsk,BY,52.6333,29.7333,45.46,66,70,13.02,broken clouds
444,Mitsamiouli,KM,-11.3847,43.2844,81.46,77,4,4.9,clear sky
445,Sault Sainte Marie,CA,46.5168,-84.3333,19.96,62,100,13.8,overcast clouds
446,Cockburn Town,TC,21.4612,-71.1419,76.96,57,40,13.8,scattered clouds
447,Gazojak,TM,41.1875,61.4036,42.64,46,72,22.06,broken clouds
448,Kruisfontein,ZA,-34.0033,24.7314,67.89,77,88,3.8,overcast clouds
449,Ler,SS,8.3018,30.1418,83.34,17,54,2.28,broken clouds
450,Corralillo,CU,22.9819,-80.5856,75.45,49,0,14.03,light rain
451,Eenhana,NA,-17.4667,16.3333,67.19,48,100,4.76,overcast clouds
452,Port Shepstone,ZA,-30.7414,30.455,71.83,84,0,12.64,clear sky
453,Korla,CN,41.7597,86.1469,48.88,34,100,7.54,overcast clouds
454,San Jose,US,37.3394,-121.895,63.01,72,75,14.97,broken clouds
455,Necochea,AR,-38.5473,-58.7368,68.72,58,0,12.77,clear sky
456,Faro,PT,37.0194,-7.9322,58.96,88,0,6.91,clear sky
457,Kuytun,RU,54.3419,101.5036,6.57,97,100,0.34,overcast clouds
458,Saint-Pierre,RE,-21.3393,55.4781,76.68,78,75,5.75,broken clouds
459,Sorong,ID,-0.8833,131.25,82.08,77,98,6.71,overcast clouds
460,Sinazongwe,ZM,-17.2614,27.4618,74.16,79,15,3.24,light rain
461,Northam,GB,51.0333,-4.2167,53.62,80,100,8.95,overcast clouds
462,Dobryanka,RU,58.4619,56.4165,12.61,96,97,6.35,overcast clouds
463,Montmagny,FR,48.9734,2.3469,59.22,49,0,9.22,clear sky
464,Kenai,US,60.5544,-151.2583,42.03,77,100,25.32,overcast clouds
465,Batticaloa,LK,7.7102,81.6924,78.24,85,2,5.86,clear sky
466,Kudahuvadhoo,MV,2.6708,72.8944,81.3,68,0,4.45,clear sky
467,Itarema,BR,-2.9248,-39.9167,76.12,92,100,6.53,heavy intensity rain
468,Dicabisagan,PH,17.0818,122.4157,77.97,86,11,3.42,few clouds
469,Zhuhai,CN,22.2769,113.5678,65.91,82,40,8.05,scattered clouds
470,Bandikui,IN,27.05,76.5667,78.66,12,3,3.31,clear sky
471,Kieta,PG,-6.2167,155.6333,83.62,76,99,5.95,light rain
472,Warr Acres,US,35.5226,-97.6189,82.31,38,0,18.41,clear sky
473,Tygda,RU,53.1167,126.3333,19.72,70,15,11.45,few clouds
474,Chara,RU,56.9064,118.2631,-0.94,78,45,1.99,scattered clouds
475,Namibe,AO,-15.1961,12.1522,70.92,72,12,8.59,few clouds
476,Nome,US,64.5011,-165.4064,30.27,65,0,12.66,clear sky
477,Doha,QA,25.2867,51.5333,66.18,51,0,17.27,clear sky
478,Lapua,FI,62.9693,23.0088,20.08,93,99,5.48,overcast clouds
479,Churapcha,RU,62.0025,132.4325,16.32,89,100,3.74,overcast clouds
480,Kununurra,AU,-15.7667,128.7333,80.58,83,100,3.44,overcast clouds
481,Baiyin,CN,36.5583,104.2081,41.18,44,90,7.07,overcast clouds
482,Aykhal,RU,66.0,111.5,-6.45,100,99,5.44,overcast clouds
483,Rio Gallegos,AR,-51.6226,-69.2181,42.85,87,75,20.71,light rain
484,Grand-Santi,GF,4.25,-54.3833,72.97,98,82,3.31,broken clouds
485,Prado,BR,-17.3411,-39.2208,78.28,84,46,7.56,scattered clouds
486,Bafoulabe,ML,13.8065,-10.8321,95.5,26,95,4.5,overcast clouds
487,Sydney,AU,-33.8679,151.2073,69.71,96,75,14.97,moderate rain
488,Tonantins,BR,-2.8731,-67.8022,73.81,99,100,3.38,overcast clouds
489,Santa Maria,BR,-29.6842,-53.8069,70.9,68,0,3.44,clear sky
490,Veraval,IN,20.9,70.3667,77.77,71,2,10.58,clear sky
491,Ryotsu,JP,38.0833,138.4333,44.35,54,93,7.94,overcast clouds
492,Airai,TL,-8.9266,125.4092,62.87,87,82,1.07,broken clouds
493,Chilca,PE,-12.5211,-76.7372,69.84,86,28,6.85,scattered clouds
494,Novomykolayivka,UA,47.9781,35.9102,36.79,62,14,19.55,few clouds
495,Esil,KZ,51.9556,66.4042,29.26,96,100,12.8,light snow
496,Ola,RU,59.5833,151.2833,21.15,61,100,10.65,overcast clouds
497,Katsuura,JP,35.1333,140.3,54.97,66,100,14.65,overcast clouds
498,Tautira,PF,-17.7333,-149.15,80.98,77,89,13.73,light rain
499,Sturgeon Falls,CA,46.3646,-79.9326,21.16,86,100,4.68,overcast clouds
500,Pingliang,CN,35.5392,106.6861,49.23,43,90,12.33,overcast clouds
501,Mabaruma,GY,8.2,-59.7833,72.05,92,100,2.77,overcast clouds
502,Mbanza-Ngungu,CD,-5.25,14.8667,69.35,95,99,1.99,moderate rain
503,Grao Mogol,BR,-16.5594,-42.8897,67.06,69,55,3.29,broken clouds
504,Tessalit,ML,20.1986,1.0114,80.82,8,51,11.48,broken clouds
505,Santa Cruz De La Palma,ES,28.6835,-17.7642,64.54,77,20,2.3,few clouds
506,Porto Velho,BR,-8.7619,-63.9039,80.65,83,20,0.0,few clouds
507,Fray Bentos,UY,-33.1325,-58.2956,70.74,77,44,7.81,scattered clouds
508,Tadine,NC,-21.55,167.8833,81.79,70,70,10.89,broken clouds
509,San Ramon,US,37.7799,-121.978,62.73,60,100,16.11,overcast clouds
510,Lom Sak,TH,16.7798,101.2422,75.09,100,75,0.0,broken clouds
511,Marawi,PH,7.9986,124.2928,73.98,82,99,1.79,overcast clouds
512,Mezen,RU,65.8522,44.24,6.6,98,89,5.21,overcast clouds
513,Gimli,CA,50.6336,-96.9907,30.22,59,100,16.11,overcast clouds
514,Padang,ID,-0.9492,100.3543,68.05,72,4,5.26,clear sky
515,Kimparana,ML,12.8347,-4.9244,87.93,11,2,7.72,clear sky
516,Tiarei,PF,-17.5333,-149.3333,86.02,76,98,14.83,light rain
517,Osmena,PH,10.5208,119.9258,81.59,78,100,15.48,overcast clouds
518,Sivaki,RU,52.6333,126.75,22.21,68,14,14.54,few clouds
519,Heidelberg,ZA,-26.5048,28.3592,62.94,68,0,6.98,clear sky
520,Yar-Sale,RU,66.8333,70.8333,26.47,96,100,13.69,overcast clouds
521,Palana,RU,59.1167,159.9667,22.08,78,45,16.55,scattered clouds
522,Tangshan,CN,39.6333,118.1833,48.31,56,94,11.23,overcast clouds
523,Hamamatsu,JP,34.7,137.7333,58.01,66,100,5.01,overcast clouds
524,Bilibino,RU,68.0546,166.4372,0.37,75,65,2.95,broken clouds
525,Bardiyah,LY,31.7561,25.0865,58.17,66,69,13.33,broken clouds
526,Araouane,ML,18.9048,-3.5265,85.33,8,15,9.89,few clouds
527,Hagi,JP,34.4,131.4167,48.85,58,100,3.96,overcast clouds
528,Funadhoo,MV,6.15,73.2667,81.9,72,0,2.17,clear sky
529,Broome,US,42.2506,-75.833,19.71,71,100,13.8,overcast clouds
530,Siniscola,IT,40.5719,9.6922,44.15,75,97,4.29,overcast clouds
531,Muscat,OM,23.6139,58.5922,78.82,64,0,12.37,clear sky
532,Batagay,RU,67.6333,134.6333,2.95,93,88,0.76,overcast clouds
533,Meiganga,CM,6.5167,14.3,70.02,16,86,4.76,overcast clouds
534,Kandrian,PG,-6.2167,149.55,80.74,83,100,13.49,light rain
535,Brae,GB,60.3964,-1.353,39.67,65,100,11.45,overcast clouds
536,Borogontsy,RU,62.6683,131.1683,18.05,92,98,4.63,overcast clouds
537,Abu Dhabi,AE,24.4667,54.3667,70.97,67,0,10.36,clear sky
538,Puerto Escondido,MX,15.85,-97.0667,86.83,66,0,9.22,clear sky
539,Lapi,PH,17.716,121.8978,80.65,73,29,1.68,scattered clouds
540,Dongying,CN,37.4564,118.4856,48.16,61,24,13.53,few clouds
541,Tomigusuku,JP,26.185,127.675,68.54,96,75,8.05,broken clouds
542,Coquimbo,CL,-29.9533,-71.3436,58.73,94,75,12.66,broken clouds
543,Verkhnyaya Inta,RU,65.9811,60.3094,10.35,98,100,3.49,overcast clouds
544,Kualakapuas,ID,-3.0091,114.3876,78.93,86,69,1.34,broken clouds
545,Vanimo,PG,-2.6741,141.3028,76.84,92,100,6.69,overcast clouds
546,Nicoya,CR,10.1483,-85.452,85.05,49,99,11.77,overcast clouds
547,Arequipa,PE,-16.3989,-71.535,60.87,51,40,6.91,scattered clouds
548,The Valley,AI,18.217,-63.0578,78.94,73,20,8.05,few clouds
549,Bom Jesus,BR,-9.0744,-44.3586,76.55,82,96,2.8,overcast clouds
550,Tyler,US,32.3513,-95.3011,82.45,36,0,16.11,clear sky
551,Sakakah,SA,29.9697,40.2064,53.17,33,0,9.1,clear sky
552,Izvestkovyy,RU,48.9833,131.55,29.07,94,100,1.61,snow
553,Sheregesh,RU,52.9209,87.9869,22.86,99,98,2.46,overcast clouds
554,Sao Paulo De Olivenca,BR,-3.3783,-68.8725,72.54,99,100,3.31,moderate rain
555,Matagami,CA,49.7502,-77.6328,12.31,67,100,11.5,overcast clouds
556,Vardo,NO,70.3705,31.1107,28.96,66,100,25.64,light snow
557,Plettenberg Bay,ZA,-34.0527,23.3716,65.1,84,73,3.47,broken clouds
558,Marsaxlokk,MT,35.8419,14.5431,58.08,94,75,2.3,broken clouds
559,Peleduy,RU,59.6289,112.7406,17.15,94,100,4.47,light snow
560,Zarand,IR,30.8127,56.564,47.86,21,1,5.08,clear sky
561,Dawei,MM,14.0833,98.2,77.22,89,100,2.35,overcast clouds
562,Voznesenye,RU,61.0106,35.4781,18.84,93,100,11.92,light snow
563,Catanduva,BR,-21.1378,-48.9728,71.26,89,31,7.49,scattered clouds
564,Asau,RO,46.4333,26.4,40.28,62,0,6.73,clear sky
565,Manado,ID,1.487,124.8455,81.37,83,20,2.3,few clouds
566,Redlands,US,34.0556,-117.1825,61.41,83,100,5.75,light intensity drizzle
567,Kasongo,CD,-4.45,26.6667,68.38,99,100,2.39,moderate rain
568,Grindavik,IS,63.8424,-22.4338,39.67,75,75,12.66,broken clouds
569,Yaan,NG,7.3833,8.5667,83.32,12,18,3.36,few clouds
570,Ossora,RU,59.2353,163.0719,30.27,96,100,9.91,snow
571,Cassilandia,BR,-19.1133,-51.7342,71.51,92,72,4.29,broken clouds
572,Kargopol,RU,61.5071,38.9456,17.13,94,100,6.93,overcast clouds
573,Luderitz,NA,-26.6481,15.1594,60.58,88,10,1.39,clear sky
574,San Martin,AR,-33.081,-68.4681,79.34,29,0,7.11,clear sky
575,Makakilo City,US,21.3469,-158.0858,80.92,60,40,12.66,scattered clouds
576,Bonavista,CA,48.6499,-53.1147,33.44,94,75,11.43,broken clouds
577,Dodge City,US,37.7528,-100.0171,68.25,37,0,16.11,clear sky
578,Walvis Bay,NA,-22.9575,14.5053,62.1,79,26,6.67,scattered clouds
579,Manggar,ID,-2.8833,108.2667,80.83,82,68,5.77,broken clouds
580,Hofn,IS,64.2539,-15.2082,30.69,71,100,12.8,overcast clouds
581,Kuito,AO,-12.3833,16.9333,60.57,90,97,2.73,overcast clouds
582,Iisalmi,FI,63.5592,27.1907,2.86,97,42,3.31,scattered clouds
583,Altay,CN,47.8667,88.1167,22.48,65,56,7.16,broken clouds
584,Samana,DO,19.2056,-69.3369,76.96,87,31,6.85,scattered clouds
585,Winnemucca,US,40.973,-117.7357,55.45,54,0,14.97,clear sky
586,Olafsvik,IS,64.8945,-23.7142,33.98,77,100,16.26,overcast clouds
587,Aitape,PG,-3.1374,142.3475,77.81,89,100,4.34,light rain
588,Shingu,JP,33.7333,135.9833,57.61,67,100,6.96,overcast clouds
589,Sabha,LY,27.0377,14.4283,66.52,11,17,0.87,few clouds
590,Jiexiu,CN,37.0244,111.9125,50.31,66,83,2.26,broken clouds
591,Kendari,ID,-3.945,122.4989,79.56,84,90,2.15,overcast clouds
592,Ekhabi,RU,53.5102,142.9671,24.4,78,18,6.13,few clouds
593,Halifax,CA,44.6453,-63.5724,37.89,89,75,17.27,broken clouds
594,Natal,BR,-5.795,-35.2094,82.62,83,20,6.91,few clouds
595,Lyuban,BY,52.7985,28.0048,43.12,68,69,12.64,broken clouds
596,Santa Marta,CO,11.2408,-74.199,83.89,66,94,14.0,overcast clouds
597,Mandurah,AU,-32.55,115.7,68.92,76,100,14.74,overcast clouds
598,Mae Sai,TH,20.4335,99.8762,71.17,88,28,0.56,scattered clouds
599,Tumaco,CO,1.7986,-78.8156,77.77,86,93,3.33,overcast clouds
600,Belmonte,BR,-15.8631,-38.8828,78.58,79,100,6.6,overcast clouds
601,Haines Junction,CA,60.7522,-137.5108,39.15,45,100,6.91,overcast clouds
602,Machali,CL,-34.1833,-70.6667,70.88,37,0,5.75,clear sky
603,Mbumi,TZ,-7.9058,39.2105,73.99,97,85,3.24,light rain
604,Joensuu,FI,62.6012,29.7632,12.69,83,0,3.44,clear sky
605,Taoudenni,ML,22.6783,-3.9836,87.93,11,100,3.04,overcast clouds
606,Aguimes,ES,27.9054,-15.4461,63.23,68,20,5.75,few clouds
607,North Bend,US,43.4065,-124.2243,60.24,93,100,11.5,overcast clouds
608,Sept-Iles,CA,50.2001,-66.3821,30.06,95,100,1.14,mist
609,Senno,RU,59.5336,33.9167,18.27,94,98,9.62,overcast clouds
610,Saint-Augustin,CA,51.226,-58.6502,32.68,98,99,4.88,overcast clouds
611,Vryburg,ZA,-26.9566,24.7284,65.07,52,0,9.64,clear sky
612,Pocone,BR,-16.2567,-56.6228,80.96,73,60,3.56,broken clouds
613,Axim,GH,4.8699,-2.2405,80.35,91,90,7.58,overcast clouds
614,Xam Nua,LA,20.4197,104.0439,60.91,96,99,2.1,overcast clouds
615,Maceio,BR,-9.6658,-35.7353,78.24,83,20,3.44,few clouds
616,Sapa,PH,5.1544,120.3241,81.64,77,92,4.07,overcast clouds
617,Eden,US,36.4885,-79.7667,50.32,13,0,9.22,clear sky
618,Port Hedland,AU,-20.3167,118.5667,82.45,74,77,6.91,broken clouds
619,Melfort,CA,52.8667,-104.6177,30.33,64,100,8.05,overcast clouds
620,Hobyo,SO,5.3505,48.5268,79.39,71,25,15.82,scattered clouds
621,Muli,MV,2.9167,73.5667,81.46,68,0,3.11,clear sky
622,Nizhniy Odes,RU,63.6445,54.856,5.7,98,99,3.51,overcast clouds
623,Dayong,CN,25.0209,118.2898,59.56,83,100,2.28,overcast clouds
624,Kpandae,GH,8.4689,-0.0113,87.28,51,78,7.31,broken clouds
625,La Libertad,EC,-2.2333,-80.9,80.26,78,75,10.36,broken clouds
626,Brokopondo,SR,4.75,-55.1667,76.17,82,100,10.36,overcast clouds
627,Batangafo,CF,7.3008,18.2833,76.62,17,68,4.68,broken clouds
628,Aripuana,BR,-9.1667,-60.6333,74.46,98,93,0.87,overcast clouds
629,Poso,ID,-1.3959,120.7524,81.97,72,77,2.75,broken clouds
630,Puchezh,RU,56.9788,43.1676,25.97,97,100,2.68,snow
631,Bafq,IR,31.6128,55.4107,55.29,16,0,6.11,clear sky
632,Samarai,PG,-10.6167,150.6667,83.77,70,100,4.56,overcast clouds
633,Along,IN,28.1667,94.7667,65.93,74,91,1.81,overcast clouds
634,Barhi,IN,23.9,80.8,74.79,18,3,4.43,clear sky
635,Troitskoye,RU,52.9821,84.6757,30.04,98,100,8.72,overcast clouds
636,Muisne,EC,0.6,-80.0333,78.78,85,74,4.79,broken clouds
637,Karratha,AU,-20.7377,116.8463,82.36,68,77,5.73,broken clouds
638,Coracora,PE,-15.0333,-73.7833,51.22,86,96,3.96,overcast clouds
639,Roma,US,43.2128,-75.4557,18.37,76,100,19.57,overcast clouds
640,Cabildo,AR,-38.4842,-61.8954,68.23,57,0,12.5,clear sky
641,Ust-Nera,RU,64.5667,143.2,0.61,92,65,0.56,broken clouds
642,King City,US,36.2127,-121.126,60.89,72,100,4.03,overcast clouds
643,Labuan,MY,5.2767,115.2417,77.36,94,20,0.0,few clouds
644,Imeni Poliny Osipenko,RU,52.4201,136.4853,21.56,91,100,8.86,overcast clouds
645,Petropavlovsk-Kamchatskiy,RU,53.0452,158.6483,36.19,44,20,22.37,few clouds
646,San Vicente,AR,-26.6167,-54.1333,64.11,78,0,3.18,clear sky
647,Kailua,US,21.4022,-157.7394,82.38,68,75,5.01,broken clouds
648,Shihezi,CN,44.3,86.0333,41.81,62,48,4.29,scattered clouds
649,Camajuani,CU,22.4833,-79.75,75.34,50,0,16.11,clear sky
650,Mozelos,PT,41.8677,-8.3978,58.62,89,78,4.43,broken clouds
651,Panama City,PA,8.9936,-79.5197,84.15,72,40,11.5,scattered clouds
652,Yakima,US,46.4665,-120.6678,70.84,37,75,11.5,broken clouds
653,Sangar,RU,63.9242,127.4739,15.46,93,100,3.0,overcast clouds
654,Chadiza,ZM,-14.0678,32.4392,64.4,95,97,7.0,overcast clouds
655,Pasighat,IN,28.0667,95.3333,71.53,61,99,3.04,overcast clouds
656,Coos Bay,US,43.3665,-124.2179,60.31,93,100,11.5,overcast clouds
657,Esteli,NI,13.0919,-86.3538,78.55,53,63,11.36,broken clouds
658,Copperas Cove,US,31.1241,-97.9031,82.6,39,0,19.57,clear sky
659,Kirovskiy,RU,45.0917,133.5136,42.8,52,79,11.32,broken clouds
660,Longjiang,CN,47.3303,123.1836,35.91,46,100,12.03,light rain
661,Visby,SE,57.6409,18.296,37.81,70,55,13.8,broken clouds
662,Khasan,RU,42.4308,130.6434,40.05,75,43,3.65,scattered clouds
663,Terrace,CA,54.5163,-128.6035,55.31,24,75,6.91,broken clouds
664,Dali,CN,25.7,100.1833,50.41,84,10,3.76,clear sky
665,Muros,ES,42.7762,-9.0603,58.08,77,97,8.61,overcast clouds
666,Sabang,ID,5.8933,95.3214,82.11,75,10,3.71,clear sky
667,Sulur,IN,11.0333,77.1333,77.41,88,20,3.44,mist
668,Paamiut,GL,61.994,-49.6678,23.32,81,84,7.14,broken clouds
669,Mwene-Ditu,CD,-7.0,23.45,66.85,94,99,3.04,overcast clouds
670,Vega De Alatorre,MX,20.0333,-96.6333,74.86,76,0,13.62,clear sky
671,Fuxin,CN,42.0156,121.6589,43.95,55,100,14.65,overcast clouds
672,Jumla,NP,29.2747,82.1838,46.53,51,0,4.18,clear sky
673,Dwarka,IN,22.2394,68.9678,78.12,80,5,11.03,clear sky
674,Magistralnyy,RU,56.1725,107.4458,13.46,89,100,2.1,overcast clouds
675,Bereda,ES,43.2686,-7.5406,54.57,97,100,0.6,overcast clouds
676,Krasnyy Chikoy,RU,50.3643,108.7512,12.88,79,11,2.64,few clouds
677,Kathmandu,NP,27.7167,85.3167,62.82,88,75,3.44,mist
678,Meadow Lake,US,34.8014,-106.5436,71.83,13,97,14.65,overcast clouds
679,Morehead,US,37.2711,-87.1764,47.95,35,0,4.61,clear sky
680,Tromso,NO,69.6496,18.957,25.38,86,75,3.44,light shower snow
681,Afrikanda,RU,67.4429,32.7828,12.81,95,100,6.8,overcast clouds
